"source","term_name","term_id","highlighted","adjusted_p_value","negative_log10_of_adjusted_p_value","term_size","query_size","intersection_size","effective_domain_size","intersections"
"GO:MF","cytokine receptor binding","GO:0005126","true","0.0000425198082078752","4.371408703096279","278","74","10","20246","IL23A,CCL2,TNF,TRAF1,CXCL10,CXCL11,IL36B,CX3CL1,LTB,CXCL1"
"GO:MF","receptor ligand activity","GO:0048018","false","0.000043859957441624804","4.357931794064708","539","74","13","20246","C3,IL23A,CCL2,TNF,CXCL10,SEMA3C,CXCL11,IL36B,TYMP,CX3CL1,LTB,CXCL1,SPX"
"GO:MF","signaling receptor activator activity","GO:0030546","false","0.00005094212149550572","4.29292297270954","546","74","13","20246","C3,IL23A,CCL2,TNF,CXCL10,SEMA3C,CXCL11,IL36B,TYMP,CX3CL1,LTB,CXCL1,SPX"
"GO:MF","molecular function regulator activity","GO:0098772","true","0.00007268910478790419","4.138530679719904","2195","74","25","20246","C3,SERPINA5,IL23A,NOXO1,GRM5,PI3,CCL2,NFKBIA,WFDC3,TNF,SERPINB7,CDKN2A,CXCL10,ARHGAP31,SEMA3C,CXCL11,IL36B,BIRC3,TYMP,CX3CL1,LTB,CXCL1,COL28A1,TNFAIP8,SPX"
"GO:MF","signaling receptor regulator activity","GO:0030545","false","0.00010850710357066316","3.9645418291836054","583","74","13","20246","C3,IL23A,CCL2,TNF,CXCL10,SEMA3C,CXCL11,IL36B,TYMP,CX3CL1,LTB,CXCL1,SPX"
"GO:MF","cytokine activity","GO:0005125","false","0.0001326907798256813","3.8771592535481214","238","74","9","20246","IL23A,CCL2,TNF,CXCL10,CXCL11,IL36B,CX3CL1,LTB,CXCL1"
"GO:MF","signaling receptor binding","GO:0005102","false","0.00021125721793822588","3.675188443764351","1521","74","20","20246","C3,LAMA3,ITGAV,ITGB8,IL23A,GRM5,ICAM1,CCL2,TNF,TRAF1,CXCL10,SEMA3C,CXCL11,IL36B,TYMP,CX3CL1,LTB,CXCL1,TLR2,SPX"
"GO:MF","CXCR chemokine receptor binding","GO:0045236","false","0.00030629903364630927","3.5138543733623386","18","74","4","20246","CXCL10,CXCL11,CX3CL1,CXCL1"
"GO:MF","chemokine activity","GO:0008009","false","0.0006708703122247771","3.1733614263716117","50","74","5","20246","CCL2,CXCL10,CXCL11,CX3CL1,CXCL1"
"GO:MF","glycosaminoglycan binding","GO:0005539","true","0.002215994065606397","2.654431406975127","249","74","8","20246","SERPINA5,LAMC2,NAV2,CXCL10,CXCL11,TLR2,LAYN,COL28A1"
"GO:MF","molecular function activator activity","GO:0140677","false","0.0026712712694947688","2.5732820068260263","1177","74","16","20246","C3,IL23A,NOXO1,GRM5,CCL2,TNF,CXCL10,ARHGAP31,SEMA3C,CXCL11,IL36B,TYMP,CX3CL1,LTB,CXCL1,SPX"
"GO:MF","chemokine receptor binding","GO:0042379","false","0.005433634324597291","2.2649095922989355","76","74","5","20246","CCL2,CXCL10,CXCL11,CX3CL1,CXCL1"
"GO:MF","molecular transducer activity","GO:0060089","false","0.005772156332674646","2.2386619150181644","2053","74","21","20246","TNFRSF9,MMD,C3,ITGAV,CLEC2D,IL23A,GRM5,ICAM1,CCL2,TNF,CXCL10,SEMA3C,CXCL11,IL36B,IL17RB,TYMP,CX3CL1,LTB,CXCL1,TLR2,SPX"
"GO:MF","signaling receptor activity","GO:0038023","false","0.005772156332674646","2.2386619150181644","2053","74","21","20246","TNFRSF9,MMD,C3,ITGAV,CLEC2D,IL23A,GRM5,ICAM1,CCL2,TNF,CXCL10,SEMA3C,CXCL11,IL36B,IL17RB,TYMP,CX3CL1,LTB,CXCL1,TLR2,SPX"
"GO:MF","endopeptidase inhibitor activity","GO:0004866","true","0.021228062648568368","1.673089639344546","167","74","6","20246","C3,SERPINA5,PI3,WFDC3,SERPINB7,COL28A1"
"GO:MF","serine-type endopeptidase inhibitor activity","GO:0004867","false","0.023849607989027417","1.6225187549719342","103","74","5","20246","SERPINA5,PI3,WFDC3,SERPINB7,COL28A1"
"GO:MF","peptidase inhibitor activity","GO:0030414","false","0.02671611645246235","1.5732266721637498","174","74","6","20246","C3,SERPINA5,PI3,WFDC3,SERPINB7,COL28A1"
"GO:MF","heparin binding","GO:0008201","false","0.028476869003305347","1.5455077625540499","176","74","6","20246","SERPINA5,LAMC2,NAV2,CXCL10,CXCL11,COL28A1"
"GO:MF","endopeptidase regulator activity","GO:0061135","false","0.038729876754346165","1.4119538850173394","186","74","6","20246","C3,SERPINA5,PI3,WFDC3,SERPINB7,COL28A1"
"GO:BP","cellular response to lipopolysaccharide","GO:0071222","true","1.4679585227939128e-7","6.833286215248429","215","68","11","21026","IRAK2,TNFAIP3,CCL2,NFKBIA,TNF,CXCL10,CXCL11,IL36B,CX3CL1,CXCL1,TLR2"
"GO:BP","cellular response to molecule of bacterial origin","GO:0071219","false","2.388523397155657e-7","6.6218705001600595","225","68","11","21026","IRAK2,TNFAIP3,CCL2,NFKBIA,TNF,CXCL10,CXCL11,IL36B,CX3CL1,CXCL1,TLR2"
"GO:BP","cellular response to biotic stimulus","GO:0071216","false","7.977868616300801e-7","6.098113120155211","252","68","11","21026","IRAK2,TNFAIP3,CCL2,NFKBIA,TNF,CXCL10,CXCL11,IL36B,CX3CL1,CXCL1,TLR2"
"GO:BP","defense response to symbiont","GO:0140546","true","0.0000013780305201398764","5.860741163718993","1082","68","19","21026","C3,IRAK2,UBD,GBP4,IL23A,PI3,TNFAIP3,CCL2,NFKBIA,WFDC3,TNF,CGAS,CXCL10,CXCL11,IL36B,BIRC3,CX3CL1,CXCL1,TLR2"
"GO:BP","response to bacterium","GO:0009617","false","0.0000016017262902502736","5.795411695985819","728","68","16","21026","C3,IRAK2,GBP4,IL23A,PI3,TNFAIP3,CCL2,NFKBIA,WFDC3,TNF,CXCL10,CXCL11,IL36B,CX3CL1,CXCL1,TLR2"
"GO:BP","defense response to other organism","GO:0098542","false","0.000002673024485234373","5.572997063034157","1263","68","20","21026","C3,IRAK2,UBD,PMAIP1,GBP4,IL23A,PI3,TNFAIP3,CCL2,NFKBIA,WFDC3,TNF,CGAS,CXCL10,CXCL11,IL36B,BIRC3,CX3CL1,CXCL1,TLR2"
"GO:BP","biological process involved in interspecies interaction between organisms","GO:0044419","false","0.000004608861978557609","5.3364062974837125","1759","68","23","21026","C3,IRAK2,UBD,PMAIP1,GBP4,ITGAV,ITGB8,IL23A,ICAM1,PI3,TNFAIP3,CCL2,NFKBIA,WFDC3,TNF,CGAS,CXCL10,CXCL11,IL36B,BIRC3,CX3CL1,CXCL1,TLR2"
"GO:BP","response to cytokine","GO:0034097","false","0.000009290293471483252","5.0319705668424515","947","68","17","21026","IRAK2,UBD,GBP4,ICAM1,TNFAIP3,CCL2,NFKBIA,TNF,TRAF1,CXCL10,CXCL11,IL36B,BIRC3,IL17RB,CX3CL1,CXCL1,TLR2"
"GO:BP","response to peptide","GO:1901652","false","0.000011736881666315521","4.930447274042615","962","68","17","21026","IRAK2,UBD,GBP4,ICAM1,TNFAIP3,CCL2,NFKBIA,TNF,TRAF1,CXCL10,CXCL11,IL36B,BIRC3,IL17RB,CX3CL1,CXCL1,TLR2"
"GO:BP","defense response","GO:0006952","false","0.000012480944131358559","4.9037525608450805","1853","68","23","21026","C3,IRAK2,UBD,PMAIP1,GBP4,IL23A,PI3,TNFAIP3,CCL2,NFKBIA,ETS1,WFDC3,TNF,CGAS,CXCL10,CHST2,CXCL11,IL36B,BIRC3,IL17RB,CX3CL1,CXCL1,TLR2"
"GO:BP","cytokine-mediated signaling pathway","GO:0019221","false","0.000015570947099866227","4.807684970750041","518","68","13","21026","IRAK2,TNFAIP3,CCL2,NFKBIA,TNF,TRAF1,CXCL10,CXCL11,IL36B,BIRC3,IL17RB,CX3CL1,CXCL1"
"GO:BP","cellular response to cytokine stimulus","GO:0071345","false","0.00001560503037241669","4.806735381720844","854","68","16","21026","IRAK2,GBP4,ICAM1,TNFAIP3,CCL2,NFKBIA,TNF,TRAF1,CXCL10,CXCL11,IL36B,BIRC3,IL17RB,CX3CL1,CXCL1,TLR2"
"GO:BP","response to lipopolysaccharide","GO:0032496","false","0.00001773644146422611","4.751133510066589","339","68","11","21026","IRAK2,TNFAIP3,CCL2,NFKBIA,TNF,CXCL10,CXCL11,IL36B,CX3CL1,CXCL1,TLR2"
"GO:BP","inflammatory response","GO:0006954","false","0.000017794061246357947","4.749724918943121","862","68","16","21026","C3,IRAK2,IL23A,TNFAIP3,CCL2,NFKBIA,ETS1,TNF,CXCL10,CHST2,CXCL11,IL36B,BIRC3,CX3CL1,CXCL1,TLR2"
"GO:BP","response to external stimulus","GO:0009605","false","0.000017835366252118814","4.7487179679269165","2415","68","26","21026","C3,IRAK2,UBD,PMAIP1,GBP4,ITGAV,ITGB8,IL23A,PI3,TNFAIP3,CCL2,NFKBIA,ETS1,WFDC3,TNF,CGAS,CXCL10,SEMA3C,CXCL11,IL36B,BIRC3,TYMP,CX3CL1,CXCL1,TLR2,PLAU"
"GO:BP","immune response","GO:0006955","false","0.000019910203604147587","4.70092429880204","2070","68","24","21026","C3,IRAK2,UBD,GBP4,ITGB8,IL23A,ICAM1,PI3,TNFAIP3,CCL2,NFKBIA,ETS1,WFDC3,TNF,CGAS,CXCL10,SEMA3C,CXCL11,IL36B,BIRC3,CX3CL1,LTB,CXCL1,TLR2"
"GO:BP","response to other organism","GO:0051707","false","0.000024188107138605773","4.616398116401377","1592","68","21","21026","C3,IRAK2,UBD,PMAIP1,GBP4,ITGB8,IL23A,PI3,TNFAIP3,CCL2,NFKBIA,WFDC3,TNF,CGAS,CXCL10,CXCL11,IL36B,BIRC3,CX3CL1,CXCL1,TLR2"
"GO:BP","response to external biotic stimulus","GO:0043207","false","0.000024998147055252155","4.602092181468079","1595","68","21","21026","C3,IRAK2,UBD,PMAIP1,GBP4,ITGB8,IL23A,PI3,TNFAIP3,CCL2,NFKBIA,WFDC3,TNF,CGAS,CXCL10,CXCL11,IL36B,BIRC3,CX3CL1,CXCL1,TLR2"
"GO:BP","response to molecule of bacterial origin","GO:0002237","false","0.000030200849288905003","4.519980843920373","357","68","11","21026","IRAK2,TNFAIP3,CCL2,NFKBIA,TNF,CXCL10,CXCL11,IL36B,CX3CL1,CXCL1,TLR2"
"GO:BP","immune system process","GO:0002376","false","0.00003302161156307546","4.481201735559231","2871","68","28","21026","TNFRSF9,C3,IRAK2,UBD,PMAIP1,GBP4,ITGB8,IL23A,ICAM1,PI3,TNFAIP3,CCL2,NFKBIA,ETS1,WFDC3,TNF,CDKN2A,CGAS,CXCL10,CHST2,SEMA3C,CXCL11,IL36B,BIRC3,CX3CL1,LTB,CXCL1,TLR2"
"GO:BP","response to biotic stimulus","GO:0009607","false","0.00003809976628636374","4.4190776883887875","1634","68","21","21026","C3,IRAK2,UBD,PMAIP1,GBP4,ITGB8,IL23A,PI3,TNFAIP3,CCL2,NFKBIA,WFDC3,TNF,CGAS,CXCL10,CXCL11,IL36B,BIRC3,CX3CL1,CXCL1,TLR2"
"GO:BP","regulation of extrinsic apoptotic signaling pathway","GO:2001236","true","0.00006269502684343922","4.202766907336926","156","68","8","21026","PMAIP1,ITGAV,ICAM1,TNFAIP3,TNF,TRAF1,CX3CL1,LTB"
"GO:BP","canonical NF-kappaB signal transduction","GO:0007249","true","0.00008704120615012095","4.060275099485136","308","68","10","21026","IRAK2,UBD,TNFAIP3,NFKBIA,TNF,TRAF1,BIRC3,CX3CL1,LTB,TLR2"
"GO:BP","innate immune response","GO:0045087","false","0.00011219798289535833","3.950014950791888","984","68","16","21026","C3,IRAK2,UBD,GBP4,IL23A,PI3,TNFAIP3,CCL2,NFKBIA,WFDC3,TNF,CGAS,CXCL10,IL36B,BIRC3,TLR2"
"GO:BP","blood vessel development","GO:0001568","true","0.0001182041032881343","3.927367447274868","732","68","14","21026","CLIC4,C3,ITGAV,ITGB8,TNFAIP3,CCL2,ETS1,TNF,SERPINB7,CXCL10,SEMA3C,TNFAIP2,TYMP,CX3CL1"
"GO:BP","positive regulation of response to external stimulus","GO:0032103","false","0.0001920671445801509","3.716546920135226","642","68","13","21026","C3,IRAK2,IL23A,TNFAIP3,NFKBIA,ETS1,TNF,CGAS,CXCL10,BIRC3,CX3CL1,TLR2,PLAU"
"GO:BP","vasculature development","GO:0001944","false","0.00019362028053139098","3.713049154974011","762","68","14","21026","CLIC4,C3,ITGAV,ITGB8,TNFAIP3,CCL2,ETS1,TNF,SERPINB7,CXCL10,SEMA3C,TNFAIP2,TYMP,CX3CL1"
"GO:BP","angiogenesis","GO:0001525","false","0.00026581481369334357","3.5754208197589574","547","68","12","21026","CLIC4,C3,ITGAV,ITGB8,TNFAIP3,CCL2,ETS1,TNF,CXCL10,TNFAIP2,TYMP,CX3CL1"
"GO:BP","anatomical structure formation involved in morphogenesis","GO:0048646","false","0.00028969266535001887","3.538062500441175","1199","68","17","21026","CLIC4,TMOD1,C3,LAMA3,ITGAV,ITGB8,TNFAIP3,CCL2,ETS1,TNF,CXCL10,SEMA3C,TXNRD1,TNFAIP2,TYMP,CX3CL1,TLR2"
"GO:BP","humoral immune response","GO:0006959","false","0.00047737530231662035","3.321140053584536","281","68","9","21026","C3,PI3,CCL2,WFDC3,TNF,CXCL10,CXCL11,CX3CL1,CXCL1"
"GO:BP","response to chemical","GO:0042221","false","0.0005005451949248619","3.3005567033588177","3909","68","31","21026","CLIC4,IRAK2,UBD,PMAIP1,GBP4,ITGAV,GPX2,IL23A,GRM5,ICAM1,TNFAIP3,TRERF1,CCL2,NFKBIA,ETS1,TNF,TRAF1,CGAS,CXCL10,SEMA3C,CXCL11,IL36B,TXNRD1,BIRC3,IL17RB,TYMP,CX3CL1,CXCL1,TLR2,PLAU,SPX"
"GO:BP","locomotion","GO:0040011","false","0.0005530662185247137","3.257222867577402","1255","68","17","21026","CLIC4,LAMA3,LAMC2,ITGAV,IL23A,ICAM1,CCL2,ETS1,TNF,CXCL10,CHST2,SEMA3C,CXCL11,TYMP,CX3CL1,CXCL1,PLAU"
"GO:BP","cellular response to lipid","GO:0071396","false","0.0008958847067895982","3.0477478769749533","613","68","12","21026","IRAK2,TNFAIP3,TRERF1,CCL2,NFKBIA,TNF,CXCL10,CXCL11,IL36B,CX3CL1,CXCL1,TLR2"
"GO:BP","positive regulation of defense response","GO:0031349","false","0.0010082697065419948","2.9964232809902587","506","68","11","21026","C3,IRAK2,IL23A,TNFAIP3,NFKBIA,ETS1,TNF,CGAS,BIRC3,CX3CL1,TLR2"
"GO:BP","positive regulation of inflammatory response","GO:0050729","false","0.0010148684240521425","2.993590259634682","153","68","7","21026","C3,IL23A,NFKBIA,ETS1,TNF,CX3CL1,TLR2"
"GO:BP","extrinsic apoptotic signaling pathway","GO:0097191","false","0.001230380016714852","2.9099607311032316","230","68","8","21026","PMAIP1,ITGAV,ICAM1,TNFAIP3,TNF,TRAF1,CX3CL1,LTB"
"GO:BP","blood vessel morphogenesis","GO:0048514","false","0.0012993212109549828","2.8862834717902284","635","68","12","21026","CLIC4,C3,ITGAV,ITGB8,TNFAIP3,CCL2,ETS1,TNF,CXCL10,TNFAIP2,TYMP,CX3CL1"
"GO:BP","antimicrobial humoral response","GO:0019730","false","0.0013153399222799087","2.8809619982819705","159","68","7","21026","PI3,CCL2,WFDC3,CXCL10,CXCL11,CX3CL1,CXCL1"
"GO:BP","lipopolysaccharide-mediated signaling pathway","GO:0031663","false","0.0016517805211309115","2.7820476596755257","56","68","5","21026","IRAK2,TNFAIP3,NFKBIA,CX3CL1,TLR2"
"GO:BP","cell surface receptor signaling pathway","GO:0007166","false","0.0016955794535232823","2.7706818547102836","2819","68","25","21026","C3,IRAK2,PMAIP1,ITGAV,CLEC2D,ITGB8,IL23A,GRM5,ICAM1,TNFAIP3,CCL2,NFKBIA,TNF,TRAF1,CXCL10,SEMA3C,CXCL11,IL36B,BIRC3,IL17RB,CX3CL1,LTB,CXCL1,TLR2,PLAU"
"GO:BP","response to stress","GO:0006950","false","0.0022795514792031475","2.6421505956614433","3948","68","30","21026","C3,IRAK2,UBD,PMAIP1,GBP4,ITGAV,GPX2,IL23A,SYT7,PI3,TNFAIP3,CCL2,NFKBIA,ETS1,WFDC3,TNF,ACTR8,CDKN2A,CGAS,CXCL10,CHST2,CXCL11,IL36B,TXNRD1,BIRC3,IL17RB,CX3CL1,CXCL1,TLR2,PLAU"
"GO:BP","positive regulation of cell migration","GO:0030335","false","0.002666546802601285","2.5740507892797746","559","68","11","21026","LAMC2,ITGAV,IL23A,ICAM1,CCL2,ETS1,TNF,CXCL10,SEMA3C,CX3CL1,PLAU"
"GO:BP","regulation of immune system process","GO:0002682","false","0.0029198795786384876","2.5346350593088536","1581","68","18","21026","TNFRSF9,C3,IRAK2,IL23A,ICAM1,TNFAIP3,CCL2,NFKBIA,ETS1,TNF,CDKN2A,CGAS,CXCL10,CHST2,IL36B,BIRC3,CX3CL1,TLR2"
"GO:BP","regulation of cell migration","GO:0030334","false","0.003089784691182348","2.5100717829341703","960","68","14","21026","CLIC4,LAMA3,LAMC2,ITGAV,IL23A,ICAM1,CCL2,ETS1,TNF,CXCL10,CHST2,SEMA3C,CX3CL1,PLAU"
"GO:BP","chemotaxis","GO:0006935","false","0.003931305345790708","2.4054632230733444","467","68","10","21026","ITGAV,IL23A,CCL2,CXCL10,SEMA3C,CXCL11,TYMP,CX3CL1,CXCL1,PLAU"
"GO:BP","leukocyte activation","GO:0045321","false","0.003932168383720862","2.4053678930385183","980","68","14","21026","TNFRSF9,C3,UBD,ITGB8,IL23A,ICAM1,TNFAIP3,CCL2,TNF,CDKN2A,CGAS,IL36B,CX3CL1,TLR2"
"GO:BP","taxis","GO:0042330","false","0.0040838984379843865","2.388925066871955","469","68","10","21026","ITGAV,IL23A,CCL2,CXCL10,SEMA3C,CXCL11,TYMP,CX3CL1,CXCL1,PLAU"
"GO:BP","cell activation","GO:0001775","false","0.004089469968920513","2.3883329767089676","1132","68","15","21026","TNFRSF9,C3,UBD,ITGB8,IL23A,ICAM1,TNFAIP3,CCL2,TNF,CDKN2A,CGAS,CXCL10,IL36B,CX3CL1,TLR2"
"GO:BP","positive regulation of cell motility","GO:2000147","false","0.004273791107881264","2.3691867088709535","587","68","11","21026","LAMC2,ITGAV,IL23A,ICAM1,CCL2,ETS1,TNF,CXCL10,SEMA3C,CX3CL1,PLAU"
"GO:BP","positive regulation of locomotion","GO:0040017","false","0.005531366511642264","2.2571675639661644","603","68","11","21026","LAMC2,ITGAV,IL23A,ICAM1,CCL2,ETS1,TNF,CXCL10,SEMA3C,CX3CL1,PLAU"
"GO:BP","granulocyte chemotaxis","GO:0071621","true","0.00613470044803352","2.2122066386325296","129","68","6","21026","IL23A,CCL2,CXCL10,CXCL11,CX3CL1,CXCL1"
"GO:BP","regulation of cell motility","GO:2000145","false","0.006400808170713085","2.193765188215731","1022","68","14","21026","CLIC4,LAMA3,LAMC2,ITGAV,IL23A,ICAM1,CCL2,ETS1,TNF,CXCL10,CHST2,SEMA3C,CX3CL1,PLAU"
"GO:BP","regulation of canonical NF-kappaB signal transduction","GO:0043122","false","0.006411337677423775","2.193051348747252","287","68","8","21026","UBD,TNFAIP3,NFKBIA,TNF,TRAF1,BIRC3,CX3CL1,LTB"
"GO:BP","regulation of inflammatory response","GO:0050727","false","0.0071705253057828934","2.144449027170965","390","68","9","21026","C3,IL23A,TNFAIP3,NFKBIA,ETS1,TNF,BIRC3,CX3CL1,TLR2"
"GO:BP","cellular extravasation","GO:0045123","false","0.007599986556185498","2.119187175953369","76","68","5","21026","ICAM1,CCL2,TNF,CHST2,CX3CL1"
"GO:BP","cell migration","GO:0016477","false","0.008725831612601046","2.059193172099118","1534","68","17","21026","CLIC4,LAMA3,LAMC2,ITGAV,IL23A,ICAM1,TNFAIP3,CCL2,ETS1,TNF,CXCL10,CHST2,SEMA3C,CXCL11,CX3CL1,CXCL1,PLAU"
"GO:BP","leukocyte migration","GO:0050900","false","0.009161302432824616","2.0380427796968537","402","68","9","21026","IL23A,ICAM1,CCL2,TNF,CXCL10,CHST2,CXCL11,CX3CL1,CXCL1"
"GO:BP","regulation of locomotion","GO:0040012","false","0.010504114384279551","1.9786405576543968","1067","68","14","21026","CLIC4,LAMA3,LAMC2,ITGAV,IL23A,ICAM1,CCL2,ETS1,TNF,CXCL10,CHST2,SEMA3C,CX3CL1,PLAU"
"GO:BP","regulation of response to external stimulus","GO:0032101","false","0.012318923259758805","1.909427250189528","1082","68","14","21026","C3,IRAK2,IL23A,TNFAIP3,CCL2,NFKBIA,ETS1,TNF,CGAS,CXCL10,BIRC3,CX3CL1,TLR2,PLAU"
"GO:BP","neutrophil chemotaxis","GO:0030593","false","0.013193982472802422","1.879624097182218","85","68","5","21026","IL23A,CXCL10,CXCL11,CX3CL1,CXCL1"
"GO:BP","positive regulation of response to stimulus","GO:0048584","false","0.01367691019012875","1.8640120048777147","2331","68","21","21026","C3,IRAK2,UBD,PMAIP1,ITGAV,IL23A,GRM5,ICAM1,TNFAIP3,NFKBIA,ETS1,TNF,ACTR8,CDKN2A,CGAS,CXCL10,BIRC3,CX3CL1,LTB,TLR2,PLAU"
"GO:BP","regulation of multicellular organismal development","GO:2000026","true","0.014017135038674348","1.853340742720336","1418","68","16","21026","C3,LAMA3,ITGB8,IL23A,GRM5,TNFAIP3,NFKBIA,ETS1,TNF,ACTR8,CDKN2A,CXCL10,IL36B,TYMP,CX3CL1,TLR2"
"GO:BP","regulation of multicellular organismal process","GO:0051239","false","0.014677337723934996","1.8333527125847169","2956","68","24","21026","TNFRSF9,C3,LAMA3,ITGB8,IL23A,SYT7,GRM5,TNFAIP3,CCL2,NFKBIA,ETS1,TNF,ACTR8,SERPINB7,CDKN2A,CGAS,CXCL10,IL36B,TYMP,CX3CL1,LTB,TLR2,PLAU,SPX"
"GO:BP","positive regulation of immune system process","GO:0002684","false","0.014708813909707887","1.832422346527207","1099","68","14","21026","C3,IRAK2,IL23A,ICAM1,TNFAIP3,CCL2,NFKBIA,TNF,CGAS,CXCL10,IL36B,BIRC3,CX3CL1,TLR2"
"GO:BP","response to tumor necrosis factor","GO:0034612","false","0.014749089341064435","1.8312347936763225","229","68","7","21026","UBD,TNFAIP3,CCL2,NFKBIA,TNF,TRAF1,BIRC3"
"GO:BP","regulation of leukocyte migration","GO:0002685","false","0.016973639982218843","1.7702250136235989","234","68","7","21026","IL23A,ICAM1,CCL2,TNF,CXCL10,CHST2,CX3CL1"
"GO:BP","chemokine-mediated signaling pathway","GO:0070098","false","0.018427997459044384","1.7345218563023121","91","68","5","21026","CCL2,CXCL10,CXCL11,CX3CL1,CXCL1"
"GO:BP","granulocyte migration","GO:0097530","false","0.018974647859600322","1.7218262751980433","157","68","6","21026","IL23A,CCL2,CXCL10,CXCL11,CX3CL1,CXCL1"
"GO:BP","cellular response to chemical stimulus","GO:0070887","false","0.02003746503464254","1.698157222480596","2192","68","20","21026","CLIC4,IRAK2,PMAIP1,GPX2,IL23A,GRM5,ICAM1,TNFAIP3,TRERF1,CCL2,NFKBIA,TNF,CGAS,CXCL10,CXCL11,IL36B,TXNRD1,CX3CL1,CXCL1,TLR2"
"GO:BP","lymphocyte chemotaxis","GO:0048247","true","0.021754682395598763","1.6624472527456955","45","68","4","21026","CCL2,CXCL10,CXCL11,CX3CL1"
"GO:BP","I-kappaB phosphorylation","GO:0007252","false","0.02309128800828071","1.6365518419079432","15","68","3","21026","TNF,CX3CL1,TLR2"
"GO:BP","circulatory system development","GO:0072359","false","0.023369105948470675","1.6313579024589941","1145","68","14","21026","CLIC4,C3,ITGAV,ITGB8,TNFAIP3,CCL2,ETS1,TNF,SERPINB7,CXCL10,SEMA3C,TNFAIP2,TYMP,CX3CL1"
"GO:BP","negative regulation of extrinsic apoptotic signaling pathway","GO:2001237","false","0.027782270008740142","1.5562322722055648","99","68","5","21026","ITGAV,ICAM1,TNFAIP3,TNF,CX3CL1"
"GO:BP","regulation of phagocytosis","GO:0050764","true","0.027782270008740142","1.5562322722055648","99","68","5","21026","C3,ITGAV,SYT7,CCL2,TLR2"
"GO:BP","response to chemokine","GO:1990868","false","0.02917168341314788","1.5350385082815674","100","68","5","21026","CCL2,CXCL10,CXCL11,CX3CL1,CXCL1"
"GO:BP","cellular response to chemokine","GO:1990869","false","0.02917168341314788","1.5350385082815674","100","68","5","21026","CCL2,CXCL10,CXCL11,CX3CL1,CXCL1"
"GO:BP","regulation of cell population proliferation","GO:0042127","true","0.03004932601035795","1.5221652645352863","1685","68","17","21026","TNFRSF9,LAMC2,ITGAV,IL23A,TNFAIP3,CCL2,NFKBIA,ETS1,TNF,SERPINB7,CDKN2A,CXCL10,CXCL11,CX3CL1,CXCL1,TLR2,PLAU"
"GO:BP","positive regulation of biological process","GO:0048518","false","0.03107990876817686","1.5075202646953034","6264","68","37","21026","MMD,C3,IRAK2,UBD,PMAIP1,LAMC2,ITGAV,ITGB8,IL23A,SYT7,GRM5,ICAM1,TNFAIP3,TRERF1,DOC2B,CCL2,NFKBIA,ETS1,TNF,ACTR8,SERPINB7,CDKN2A,CGAS,CXCL10,CHST2,SEMA3C,CXCL11,IL36B,PBX4,BIRC3,CX3CL1,LTB,TLR2,PLAU,TNFAIP8,ABCA13,SPX"
"GO:BP","cellular response to oxygen-containing compound","GO:1901701","false","0.03334829190989597","1.4769264056186227","1182","68","14","21026","IRAK2,GRM5,ICAM1,TNFAIP3,TRERF1,CCL2,NFKBIA,TNF,CXCL10,CXCL11,IL36B,CX3CL1,CXCL1,TLR2"
"GO:BP","tube morphogenesis","GO:0035239","false","0.035860576896035425","1.4453827281383218","879","68","12","21026","CLIC4,C3,ITGAV,ITGB8,TNFAIP3,CCL2,ETS1,TNF,CXCL10,TNFAIP2,TYMP,CX3CL1"
"GO:BP","regulation of lipid storage","GO:0010883","true","0.03595925759774521","1.4441892831382217","51","68","4","21026","C3,ITGAV,NFKBIA,TNF"
"GO:BP","pattern recognition receptor signaling pathway","GO:0002221","true","0.03974801850212357","1.4006845166941329","267","68","7","21026","IRAK2,TNFAIP3,NFKBIA,TNF,CGAS,BIRC3,TLR2"
"GO:BP","neutrophil migration","GO:1990266","false","0.04426337362576754","1.3539554884833473","109","68","5","21026","IL23A,CXCL10,CXCL11,CX3CL1,CXCL1"
"GO:BP","regulation of endothelial cell apoptotic process","GO:2000351","true","0.04517612821954077","1.3450909926485457","54","68","4","21026","ICAM1,TNFAIP3,CCL2,TNF"
"GO:BP","lymphocyte migration","GO:0072676","false","0.04625574224579265","1.3348343457171268","110","68","5","21026","ICAM1,CCL2,CXCL10,CXCL11,CX3CL1"
"GO:BP","regulation of response to stress","GO:0080134","false","0.046678339738294966","1.330884599398731","1387","68","15","21026","C3,IRAK2,PMAIP1,IL23A,TNFAIP3,NFKBIA,ETS1,TNF,ACTR8,CDKN2A,CGAS,BIRC3,CX3CL1,TLR2,PLAU"
"GO:BP","antimicrobial humoral immune response mediated by antimicrobial peptide","GO:0061844","false","0.048317067020034424","1.315899436466285","111","68","5","21026","CCL2,CXCL10,CXCL11,CX3CL1,CXCL1"
"GO:BP","regulation of apoptotic signaling pathway","GO:2001233","false","0.048955915539511626","1.3101948231469591","380","68","8","21026","PMAIP1,ITGAV,ICAM1,TNFAIP3,TNF,TRAF1,CX3CL1,LTB"
"GO:CC","extracellular space","GO:0005615","true","0.00006580214265178702","4.181759964642922","3315","73","29","22149","CLIC4,C3,SERPINA5,LAMA3,LAMC2,ITGAV,ITGB8,IL23A,SYT7,ICAM1,PI3,TNFAIP3,CCL2,WFDC3,TNF,SERPINB7,CXCL10,SEMA3C,CXCL11,IL36B,TXNRD1,TNFAIP2,CX3CL1,PDZK1IP1,LTB,CXCL1,COL28A1,PLAU,SPX"
"GO:CC","cell surface","GO:0009986","true","0.00041070681567794163","3.386468089971379","914","73","14","22149","TNFRSF9,CLIC4,C3,SERPINA5,ITGAV,CLEC2D,ITGB8,ICAM1,TNF,CXCL10,CX3CL1,TLR2,LAYN,PLAU"
"GO:CC","extracellular region","GO:0005576","false","0.001227962526594959","2.9108148862415506","4258","73","31","22149","CLIC4,C3,SERPINA5,LAMA3,LAMC2,ITGAV,ITGB8,IL23A,SYT7,ICAM1,PI3,TNFAIP3,CCL2,WFDC3,TNF,SERPINB7,CXCL10,SEMA3C,CXCL11,IL36B,TXNRD1,TNFAIP2,IL17RB,LIPM,CX3CL1,PDZK1IP1,LTB,CXCL1,COL28A1,PLAU,SPX"
"GO:CC","integrin alphav-beta8 complex","GO:0034686","true","0.0030612491265611507","2.514101325780574","2","73","2","22149","ITGAV,ITGB8"
"GO:CC","cell periphery","GO:0071944","true","0.006150529112054495","2.2110875215317067","6347","73","38","22149","TNFRSF9,CLIC4,MMD,TMOD1,C3,IRAK2,SERPINA5,LAMA3,SLC9A7,GBP4,LAMC2,ITGAV,CLEC2D,SLC6A12,ITGB8,NOXO1,SYT7,GRM5,NAV2,ICAM1,PI3,DOC2B,NFKBIA,TNF,SLC2A6,TRAF1,CGAS,CXCL10,SEMA3C,PSTPIP2,TNFAIP2,IL17RB,CX3CL1,LTB,TLR2,COL28A1,PLAU,ABCA13"
"GO:CC","external side of plasma membrane","GO:0009897","false","0.016710939483482963","1.7769991335283255","408","73","8","22149","TNFRSF9,SERPINA5,ITGAV,CLEC2D,ICAM1,TNF,CXCL10,PLAU"
"GO:CC","serine protease inhibitor complex","GO:0097180","true","0.04552757404814507","1.3417254906005203","6","73","2","22149","SERPINA5,PLAU"
"KEGG","TNF signaling pathway","KEGG:04668","false","1.2150780543026832e-8","7.915395822918236","113","43","10","8484","ICAM1,TNFAIP3,CCL2,NFKBIA,TNF,TRAF1,CXCL10,BIRC3,CX3CL1,CXCL1"
"KEGG","NF-kappa B signaling pathway","KEGG:04064","false","1.1504810861071981e-7","6.939120516731796","102","43","9","8484","ICAM1,TNFAIP3,NFKBIA,TNF,TRAF1,BIRC3,LTB,CXCL1,PLAU"
"KEGG","Cytokine-cytokine receptor interaction","KEGG:04060","false","0.000010794198103384248","4.966809615692972","291","43","11","8484","TNFRSF9,IL23A,CCL2,TNF,CXCL10,CXCL11,IL36B,IL17RB,CX3CL1,LTB,CXCL1"
"KEGG","Rheumatoid arthritis","KEGG:05323","false","0.00001883907558659152","4.724940411388785","88","43","7","8484","IL23A,ICAM1,CCL2,TNF,LTB,CXCL1,TLR2"
"KEGG","IL-17 signaling pathway","KEGG:04657","false","0.000025611831491013008","4.591559364210198","92","43","7","8484","TNFAIP3,CCL2,NFKBIA,TNF,CXCL10,IL17RB,CXCL1"
"KEGG","Small cell lung cancer","KEGG:05222","false","0.0004750114369125211","3.323295933684182","92","43","6","8484","LAMA3,LAMC2,ITGAV,NFKBIA,TRAF1,BIRC3"
"KEGG","Legionellosis","KEGG:05134","false","0.0006477848134063602","3.188569237757036","56","43","5","8484","C3,NFKBIA,TNF,CXCL1,TLR2"
"KEGG","Viral protein interaction with cytokine and cytokine receptor","KEGG:04061","false","0.0006855819918667066","3.1639405985172275","98","43","6","8484","CCL2,TNF,CXCL10,CXCL11,CX3CL1,CXCL1"
"KEGG","Toxoplasmosis","KEGG:05145","false","0.001200382100259575","2.9206804892688893","108","43","6","8484","LAMA3,LAMC2,NFKBIA,TNF,BIRC3,TLR2"
"KEGG","NOD-like receptor signaling pathway","KEGG:04621","false","0.002437541439747941","2.6130479922854746","182","43","7","8484","GBP4,TNFAIP3,CCL2,NFKBIA,TNF,BIRC3,CXCL1"
"KEGG","Pathways in cancer","KEGG:05200","false","0.0034710942597152928","2.459533592632712","527","43","11","8484","LAMA3,PMAIP1,LAMC2,ITGAV,IL23A,NFKBIA,ETS1,TRAF1,CDKN2A,TXNRD1,BIRC3"
"KEGG","Malaria","KEGG:05144","false","0.008011528707938304","2.0962846067526444","49","43","4","8484","ICAM1,CCL2,TNF,TLR2"
"KEGG","Human cytomegalovirus infection","KEGG:05163","false","0.00885507275628172","2.0528078661484557","223","43","7","8484","ITGAV,CCL2,NFKBIA,TNF,CDKN2A,CGAS,CX3CL1"
"KEGG","Coronavirus disease - COVID-19","KEGG:05171","false","0.011034147983096213","1.9572611958530717","231","43","7","8484","C3,CCL2,NFKBIA,TNF,CGAS,CXCL10,TLR2"
"KEGG","Amoebiasis","KEGG:05146","false","0.011352530912216295","1.944907306869261","101","43","5","8484","LAMA3,LAMC2,TNF,CXCL1,TLR2"
"KEGG","Chagas disease","KEGG:05142","false","0.011352530912216295","1.944907306869261","101","43","5","8484","C3,CCL2,NFKBIA,TNF,TLR2"
"KEGG","Toll-like receptor signaling pathway","KEGG:04620","false","0.014255706292523523","1.846011260897711","106","43","5","8484","NFKBIA,TNF,CXCL10,CXCL11,TLR2"
"KEGG","Chemokine signaling pathway","KEGG:04062","false","0.0278110074326525","1.555783278862654","190","43","6","8484","CCL2,NFKBIA,CXCL10,CXCL11,CX3CL1,CXCL1"
"KEGG","Epstein-Barr virus infection","KEGG:05169","false","0.03467648688211162","1.4599649078797163","198","43","6","8484","ICAM1,TNFAIP3,NFKBIA,TNF,CXCL10,TLR2"
"KEGG","Leishmaniasis","KEGG:05140","false","0.035749256464726986","1.4467329864957459","72","43","4","8484","C3,NFKBIA,TNF,TLR2"
"KEGG","Apoptosis","KEGG:04210","false","0.043762708525744695","1.3588958068441175","135","43","5","8484","PMAIP1,NFKBIA,TNF,TRAF1,BIRC3"
"REAC","Immune System","REAC:R-HSA-168256","false","0.000668956462523041","3.174602146359651","2085","52","25","11004","TNFRSF9,DZIP3,C3,IRAK2,KLHL5,GBP4,ITGAV,CLEC2D,IL23A,ICAM1,PI3,TNFAIP3,CCL2,NFKBIA,TNF,CGAS,CXCL10,IL36B,BIRC3,IL17RB,LTB,CXCL1,TLR2,PLAU,ABCA13"
"REAC","Interleukin-10 signaling","REAC:R-HSA-6783783","false","0.0007822899215073962","3.106632264873391","45","52","5","11004","ICAM1,CCL2,TNF,CXCL10,CXCL1"
"REAC","Chemokine receptors bind chemokines","REAC:R-HSA-380108","false","0.0025687841783915352","2.590272382331935","57","52","5","11004","CCL2,CXCL10,CXCL11,CX3CL1,CXCL1"
"REAC","Cytokine Signaling in Immune system","REAC:R-HSA-1280215","false","0.003846432724941296","2.4149418590775977","780","52","14","11004","TNFRSF9,IRAK2,GBP4,IL23A,ICAM1,CCL2,NFKBIA,TNF,CXCL10,IL36B,BIRC3,IL17RB,LTB,CXCL1"
"REAC","TNFR1-induced NF-kappa-B signaling pathway","REAC:R-HSA-5357956","false","0.006257622933537784","2.203590609744882","33","52","4","11004","TNFAIP3,TNF,TRAF1,BIRC3"
"REAC","Regulation of TNFR1 signaling","REAC:R-HSA-5357905","false","0.02384849331236503","1.6225390533867752","46","52","4","11004","TNFAIP3,TNF,TRAF1,BIRC3"
"REAC","Signaling by Interleukins","REAC:R-HSA-449147","false","0.02450951407283775","1.6106652990121881","476","52","10","11004","IRAK2,IL23A,ICAM1,CCL2,NFKBIA,TNF,CXCL10,IL36B,IL17RB,CXCL1"
"REAC","TNF signaling","REAC:R-HSA-75893","false","0.04830398960404793","1.316016997789533","55","52","4","11004","TNFAIP3,TNF,TRAF1,BIRC3"
"WP","Lung pathology of COVID 19","WP:WP5146","false","0.000006750064747501043","5.170692061339707","20","45","5","8752","CCL2,TNF,CGAS,CXCL10,CXCL11"
"WP","Cytokine cytokine receptor interaction","WP:WP5473","false","0.000006773852432396922","5.169164268644118","254","45","11","8752","TNFRSF9,IL23A,CCL2,TNF,CXCL10,CXCL11,IL36B,IL17RB,CX3CL1,LTB,CXCL1"
"WP","Overview of proinflammatory and profibrotic mediators","WP:WP5095","false","0.000034918160769628764","4.456948639784263","127","45","8","8752","IL23A,CCL2,TNF,CXCL10,CXCL11,IL36B,CX3CL1,CXCL1"
"WP","Apoptosis","WP:WP254","false","0.0007805514467820711","3.1075984669548955","87","45","6","8752","PMAIP1,NFKBIA,TNF,TRAF1,CDKN2A,BIRC3"
"WP","TNF alpha signaling","WP:WP231","false","0.0008913565789040832","3.049948525737453","89","45","6","8752","NOXO1,TNFAIP3,NFKBIA,TNF,TRAF1,BIRC3"
"WP","Small cell lung cancer","WP:WP4658","false","0.0013027950960902558","2.885123884851523","95","45","6","8752","LAMA3,LAMC2,ITGAV,NFKBIA,TRAF1,BIRC3"
"WP","SARS CoV 2 innate immunity evasion and cell specific immune response","WP:WP5039","false","0.003264493312256024","2.486184216767982","66","45","5","8752","CCL2,TNF,CXCL10,CXCL11,CXCL1"
"WP","Prostaglandin signaling","WP:WP5088","false","0.0036101591099069338","2.44247365708829","33","45","4","8752","CCL2,TNF,CXCL10,CXCL1"
"WP","Spinal cord injury","WP:WP2431","false","0.003906338084832303","2.4082301722045734","115","45","6","8752","ICAM1,CCL2,TNF,CXCL10,LTB,CXCL1"
"WP","Cancer pathways","WP:WP5434","false","0.005765855928488175","2.2391362135337096","505","45","11","8752","LAMA3,PMAIP1,LAMC2,ITGAV,IL23A,NFKBIA,ETS1,TRAF1,CDKN2A,TXNRD1,BIRC3"
"WP","TNF related weak inducer of apoptosis TWEAK signaling","WP:WP2036","false","0.006391379196581286","2.1944054152636108","38","45","4","8752","NFKBIA,TNF,TRAF1,BIRC3"
"WP","Immune infiltration in pancreatic cancer","WP:WP5285","false","0.007095178523637306","2.149036672672305","39","45","4","8752","IL23A,CCL2,TNF,CXCL1"
"WP","COVID 19 adverse outcome pathway","WP:WP4891","false","0.008928908451118829","2.0492016298719125","15","45","3","8752","CCL2,TNF,CXCL10"
"WP","Fibrin complement receptor 3 signaling","WP:WP4136","false","0.01149285034652834","1.9395722484003741","44","45","4","8752","IRAK2,CCL2,TNF,CXCL10"
"WP","Selenium micronutrient network","WP:WP15","false","0.011787127646178654","1.92859201334383","86","45","5","8752","GPX2,ICAM1,CCL2,TNF,TXNRD1"
"WP","Cells and molecules involved in local acute inflammatory response ","WP:WP4493","false","0.013248566725312858","1.8778311026295547","17","45","3","8752","C3,ICAM1,TNF"
"WP","Platelet mediated interactions with vascular and circulating cells","WP:WP4462","false","0.013248566725312858","1.8778311026295547","17","45","3","8752","ICAM1,CCL2,TLR2"
"WP","Psoriasis mechanisms and therapies","WP:WP5537","false","0.015841161062716082","1.8002129903821769","18","45","3","8752","IL23A,TNF,CXCL1"
"WP","Toll like receptor signaling","WP:WP75","false","0.018948745136489843","1.7224195455029283","95","45","5","8752","NFKBIA,TNF,CXCL10,CXCL11,TLR2"
"WP","p53 transcriptional gene network","WP:WP4963","false","0.01991382295256274","1.7008453583640666","96","45","5","8752","PMAIP1,ICAM1,CCL2,TNF,CX3CL1"
"WP","Ebstein Barr virus LMP1 signaling","WP:WP262","false","0.03376784667447236","1.4714966327969605","23","45","3","8752","NFKBIA,TNF,TRAF1"
"WP","IL1 and megakaryocytes in obesity","WP:WP2865","false","0.038453301507829295","1.4150663667837982","24","45","3","8752","ICAM1,CCL2,TLR2"
"TF","Factor: RelA-p65; motif: GGGANTTTCCNN; match class: 1","TF:M03563_1","false","0.000053342456648345106","4.272926987066615","898","74","17","20092","TNFRSF9,UBD,KLHL5,ICAM1,TNFAIP3,NFKBIA,SLC2A6,TRAF1,CXCL10,ARHGAP31,CXCL11,BIRC3,TNFAIP2,CX3CL1,CXCL1,TNFAIP8,SPX"
"TF","Factor: P50:RELA-P65; motif: GGANTTYCCCWN; match class: 1","TF:M01224_1","false","0.0004912101204088999","3.3087326939994988","233","74","9","20092","TNFRSF9,ICAM1,ETS1,SLC2A6,TRAF1,CXCL10,TNFAIP2,CXCL1,SPX"
"TF","Factor: NF-kappaB; motif: GGGRATTTCC","TF:M00052","false","0.008705609633831749","2.060200810837448","1910","74","21","20092","TNFRSF9,UBD,GBP4,SLC6A12,NAV2,ICAM1,PI3,TNFAIP3,NFKBIA,ETS1,SLC2A6,CXCL10,CXCL11,BIRC3,TNFAIP2,PDZK1IP1,LTB,CXCL1,TLR2,TNFAIP8,SPX"
"TF","Factor: RELA; motif: GGGRMTKYCCC","TF:M12657","false","0.031781989922482747","1.4978189143879774","6488","74","42","20092","TNFRSF9,DZIP3,MMD,TMOD1,C3,SERPINA5,LAMA3,UBD,SLC9A7,PMAIP1,GBP4,SLC6A12,IL23A,CYP4Z1,ICAM1,PI3,TNFAIP3,DOC2B,NFKBIA,ETS1,KLHDC7B,TNF,ACTR8,SLC2A6,TRAF1,CXCL10,CHST2,ARHGAP31,PSTPIP2,TXNRD1,BIRC3,TNFAIP2,IL17RB,TYMP,CX3CL1,PDZK1IP1,LTB,CXCL1,ZSWIM4,TLR2,LAYN,PLAU"
"TF","Factor: FOXI1; motif: NWANNGTAAACAA","TF:M11580","false","0.04787196794733287","1.3199187189333428","1312","74","16","20092","DZIP3,TMOD1,C3,PMAIP1,GBP4,LAMC2,GRM5,CCL2,PPM1H,MSANTD3-TMEFF1,TXNRD1,CXCL1,ZSWIM4,LAYN,COL28A1,SPX"
"MIRNA","hsa-mir-1298-5p","MIRNA:hsa-mir-1298-5p","false","0.0013012117797622318","2.8856520137404926","51","66","5","16638","PMAIP1,KLHL5,NAV2,CXCL11,TXNRD1"
"CORUM","ITGAV-ITGB8-MMP14-TGFB1 complex","CORUM:2342","false","0.04938165572485628","1.3064343526358897","3","17","2","3383","ITGAV,ITGB8"
